"","Artist","Track","cluster","total_track_streams"
"1","Carly Rae Jepsen","Run Away with Me","8",1069
"2","Carly Rae Jepsen","Fever","2",906
"3","Carly Rae Jepsen","Cut to the Feeling","6",853
"4","Carly Rae Jepsen","Party for One","2",731
"5","Carly Rae Jepsen","The One","2",728
"6","Delta Goodrem","Dear Life","8",717
"7","The Knocks","Love Me Like That (feat. Carly Rae Jepsen)","2",716
"8","Fickle Friends","Say No More","2",708
"9","Disco Fries","Born Ready - Halogen Radio Edit","5",636
"10","Kelly Clarkson","Breakaway","3",524
"11","Lady Gaga","The Cure","8",494
"12","The Chainsmokers","Don't Let Me Down","5",491
"13","Lady Gaga","Just Dance","2",488
"14","Kelly Clarkson","Since U Been Gone","8",475
"15","Carly Rae Jepsen","I Really Like You","2",457
"16","Ariana Grande","Into You","8",448
"17","Lost Kings","Quit You","8",448
"18","Fifth Harmony","Work From Home","2",439
"19","Lady Gaga","Poker Face","2",434
"20","Sia","Cheap Thrills","2",421
"21","Lady Gaga","Applause","2",392
"22","Carly Rae Jepsen","Gimmie Love","2",391
"23","Ariana Grande","no tears left to cry","8",379
"24","Ava Max","Sweet but Psycho","2",375
"25","Cardiknox","On My Way - Lost Kings Remix","8",361
"26","The Killers","Mr. Brightside","3",360
"27","Ariana Grande","Touch It","8",317
"28","Mariah Carey","All I Want for Christmas Is You","3",316
"29","The Chainsmokers","Side Effects","6",310
"30","Fickle Friends","Lovesick","2",305
"31","Dua Lipa","New Rules","2",296
"32","Molly Sanden","Like No One's Watching","8",296
"33","Kelly Clarkson","My Life Would Suck Without You","3",289
"34","Kelly Clarkson","Medicine","2",282
"35","Carly Rae Jepsen","First Time","2",279
"36","Delta Goodrem","Wings","8",274
"37","Ellie Goulding","Don't Need Nobody","2",273
"38","Carly Rae Jepsen","Call Me Maybe","2",269
"39","Kelly Clarkson","Stronger (What Doesn't Kill You)","2",266
"40","Alan Walker","Faded","8",264
"41","Rachel Platten","Fight Song","3",256
"42","Carly Rae Jepsen","Making the Most of the Night","8",255
"43","Carly Rae Jepsen","Body Language","6",246
"44","Carly Rae Jepsen","Favourite Colour","6",246
"45","Cascada","Everytime We Touch","6",238
"46","Kelly Clarkson","Underneath the Tree","3",238
"47","Danny L Harle","Super Natural","6",237
"48","Carly Rae Jepsen","Your Type - Young Bombs Remix","8",236
"49","Carly Rae Jepsen","Your Type","8",233
"50","Lady Gaga","Bad Romance","2",232
"51","Carly Rae Jepsen","Last Christmas","6",230
"52","Kelly Clarkson","Love So Soft","2",223
"53","Cher","If I Could Turn Back Time","8",220
"54","Kelly Clarkson","Sober","3",217
"55","Carly Rae Jepsen","Let's Get Lost","2",215
"56","Katy Perry","Wide Awake","3",215
"57","The Chainsmokers","Paris","8",212
"58","Fickle Friends","Wake Me Up","8",210
"59","Agnes","Emotional","6",207
"60","Kelly Clarkson","Behind These Hazel Eyes","8",206
"61","Fickle Friends","Hello Hello","2",204
"62","Carly Rae Jepsen","Now That I Found You","2",202
"63","Marina","Enjoy Your Life","2",199
"64","Tove Lo","True Disaster","8",197
"65","Adele","Hello","3",194
"66","Carly Rae Jepsen","Store","2",194
"67","Taylor Swift","Shake It Off","5",194
"68","Carly Rae Jepsen","Want You In My Room","8",190
"69","Lady Gaga","G.U.Y.","8",189
"70","Aly & AJ","Greatest Time of Year","6",188
"71","Men at Work","Down Under","2",187
"72","Jesus Culture","Set A Fire - Live","3",186
"73","Kygo","First Time - Gryffin Remix","8",186
"74","Kelly Clarkson","I Do Not Hook Up","3",185
"75","loote","Wish I Never Met You","5",185
"76","Dua Lipa","New Rules - Initial Talk Remix","2",183
"77","Katy Perry","Birthday","2",183
"78","Taylor Swift","We Are Never Ever Getting Back Together","2",176
"79","Rachel Platten","Stand By You","5",175
"80","Carly Rae Jepsen","Warm Blood","8",174
"81","Ellie Goulding","Lost and Found","2",171
"82","Kelly Clarkson","Take You High","3",171
"83","Sia","Broken Glass","3",171
"84","Aly & AJ","Potential Breakup Song","6",169
"85","Carly Rae Jepsen","Turn Me Up","2",169
"86","Ellie Goulding","Scream It Out","3",169
"87","The Chainsmokers","Closer","2",168
"88","Delta Goodrem","Welcome to Earth","5",166
"89","Lady Gaga","Gypsy","8",166
"90","Carly Rae Jepsen","Emotion","8",164
"91","Cheat Codes","Sex","5",163
"92","Demi Lovato","Cool for the Summer","8",163
"93","Ben Platt","Waving Through A Window","3",161
"94","Natasha Bedingfield","Unwritten","2",161
"95","Taylor Swift","Out of the Woods","8",161
"96","Katy Perry","I Kissed a Girl","2",160
"97","Kelly Clarkson","Run Run Rudolph","2",160
"98","Kelly Clarkson","Heartbeat Song - Didrick Remix","3",159
"99","Kari Jobe","Forever - Live","1",155
"100","Ariana Grande","Greedy","2",154
"101","Jesus Culture","Miracles - Live","1",154
"102","Marina","Bubblegum Bitch","3",154
"103","Dua Lipa","Be the One","8",152
"104","Ellie Goulding","Around U","2",151
"105","The Spacies","Round & Round - Pilton Remix","8",151
"106","Britt Nicole","Set The World On Fire - Neon Feather Remix","8",148
"107","CXLOE","Show You","8",147
"108","Fickle Friends","Hard To Be Myself","8",147
"109","Carly Rae Jepsen","Higher","6",143
"110","Kelly Clarkson","Catch My Breath","2",143
"111","Lady Gaga","Sexxx Dreams","8",141
"112","Ariana Grande","breathin","8",140
"113","Fickle Friends","Broken Sleep","2",140
"114","Vigiland","Shots & Squats","2",140
"115","Ryn Weaver","Free","8",139
"116","Ashley O","On a Roll","2",138
"117","Ellie Goulding","Burn","8",137
"118","Kelly Clarkson","Nostalgic","8",137
"119","Katy Perry","California Gurls (feat. Snoop Dogg)","2",136
"120","Ariana Grande","Side to Side","5",135
"121","Britt Nicole","The Lost Get Found - Neon Feather Remix","3",133
"122","Fickle Friends","Midnight","8",133
"123","Molly Sanden","Satellites","8",133
"124","Taylor Swift","I Wish You Would","2",132
"125","Gryffin","All You Need To Know (feat. Calle Lehmann)","3",130
"126","Jesus Culture","Anything Can Happen - Live","1",130
"127","Marina","Oh No!","2",130
"128","Samantha Jade","Naked","8",130
"129","The Knocks","Love Me Like That (feat. Carly Rae Jepsen) - The Knocks 55.5 VIP Mix","1",130
"130","Kelly Clarkson","Heartbeat Song","3",129
"131","Sondr","Live Love Learn","6",128
"132","Taylor Swift","Look What You Made Me Do","2",126
"133","Evanescence","Bring Me to Life","3",124
"134","Little Mix","Touch","6",123
"135","Walk the Moon","Shut Up and Dance","6",123
"136","Anna Kendrick","Cups (Pitch Perfect's 'When I'm Gone')","2",122
"137","Ellie Goulding","Love Me Like You Do - From Fifty Shades of Grey","3",122
"138","Katy Perry","Hot n Cold","2",122
"139","Rihanna","S&M","2",122
"140","The Chainsmokers","Paris - FKYA Remix","8",122
"141","The Chainsmokers","Takeaway (with ILLENIUM & Lennon Stella)","8",121
"142","Zara Larsson","Lush Life","2",121
"143","David Guetta","Hey Mama (feat. Nicki Minaj Bebe Rexha & Afrojack)","6",119
"144","Noah Neiman","Long Way Home","3",119
"145","Kelly Clarkson","Have Yourself a Merry Little Christmas","7",118
"146","Seeb","Fade Out","2",118
"147","Ellie Goulding","Still Falling For You - From Bridget Jones's Baby","7",117
"148","Eric Prydz","Call On Me - Radio Edit","5",117
"149","Lady Gaga","So Happy I Could Die","8",117
"150","MYBADD","Party On A Weekday","8",117
"151","Ellie Goulding","Anything Could Happen","8",116
"152","Sigala","Sweet Lovin'","6",116
"153","Zedd","Clarity","8",115
"154","Britt Nicole","All This Time - Pro_Fitt Remix","6",113
"155","Lady Gaga","Paparazzi","8",113
"156","Gareth Emery","Lost","5",112
"157","Little Mix","Black Magic","2",112
"158","Taylor Swift","Bad Blood","5",112
"159","David Guetta","Titanium (feat. Sia)","8",111
"160","Mako","I Won't Let You Walk Away - Radio Edit","8",111
"161","Silk City","Electricity (with Dua Lipa)","6",111
"162","Frank Sinatra","My Way","7",110
"163","Nicki Minaj","Starships","2",110
"164","Samantha Jade","What You've Done to Me","8",109
"165","Whitney Houston","I Wanna Dance with Somebody (Who Loves Me)","2",108
"166","Lady Gaga","Aura","8",106
"167","Lady Gaga","Perfect Illusion","6",105
"168","Samantha Jade","UP!","5",104
"169","Carly Rae Jepsen","Hurt So Good","6",103
"170","Jesus Culture","Alleluia - Live","1",103
"171","Marina","Forget","8",102
"172","Carly Rae Jepsen","Roses","8",101
"173","Taio Cruz","Break Your Heart","2",101
"174","DNCE","Cake by the Ocean","2",100
"175","Kim Petras","Can't Do Better","3",100
"176","Sia","The Greatest","5",100
"177","Keith Urban","The Fighter","2",99
"178","Zara Larsson","I Would Like","8",99
"179","Carly Rae Jepsen","Happy Not Knowing","2",98
"180","Taylor Swift","All Too Well","8",98
"181","Katy Perry","Rise","8",97
"182","Lady Gaga","The Edge of Glory","8",97
"183","Vigiland","Shots & Squats - SoMo Vocal Mix","2",97
"184","Celine Dion","Ashes","7",95
"185","Carly Rae Jepsen","Run Away With Me - Cardiknox Remix","3",94
"186","Lady Gaga","MANiCURE","6",94
"187","Taylor Swift","Blank Space","2",94
"188","The Spacies","The One That Got Away - Pilton Remix","3",94
"189","Ryn Weaver","OctaHate","8",93
"190","Ellie Goulding","Something in the Way You Move","8",91
"191","Kygo","It Ain't Me","8",91
"192","Clean Bandit","Rather Be (feat. Jess Glynne)","2",90
"193","Five for Fighting","100 Years","8",90
"194","Donny Osmond","I'll Make a Man Out of You - From Mulan/Soundtrack","7",89
"195","Lost Kings","Too Far Gone","8",89
"196","Owl City","Good Time","6",89
"197","Britney Spears","Toxic","2",88
"198","Carly Rae Jepsen","I Didn't Just Come Here To Dance","2",88
"199","Delta Goodrem","Encore","8",88
"200","Lost Kings","Stuck (feat. Tove Styrke) - Kuur x Kbubs x DCB Remix","8",88
"201","P!nk","Who Knew","2",87
"202","Sarah Reeves","Right Where You Want Me","8",87
"203","Kylie Minogue","Get Outta My Way","2",86
"204","Marina","Teen Idle","8",86
"205","Marina","To Be Human","8",86
"206","Nicki Minaj","Super Bass","5",86
"207","Ryn Weaver","Reasons Not To Die - Demo","7",86
"208","Elton John","Step Into Christmas","6",85
"209","Gareth Emery","Saving Light (feat. Haliene)","8",85
"210","Jimmy Eat World","The Middle","2",85
"211","Katy Perry","Chained to the Rhythm","5",85
"212","Rihanna","Umbrella","3",85
"213","Sheppard","Geronimo","2",85
"214","Seeb","Under Your Skin","6",84
"215","Sheppard","On My Way","2",84
"216","Calvin Harris","Summer","2",83
"217","Carly Rae Jepsen","When I Needed You","6",83
"218","Charli XCX","After the Afterparty (feat. Lil Yachty)","2",83
"219","Hannah Montana","Nobody's Perfect","6",83
"220","Carly Rae Jepsen","I Really Like You - Blasterjaxx Remix","2",82
"221","David Foster","Carol Of The Bells - Instrumental","4",82
"222","Iggy Azalea","Black Widow","5",82
"223","Kelly Clarkson","Tightrope - Tour Version","7",82
"224","Kelly Clarkson","Winter Dreams (Brandon's Song)","8",82
"225","Kim Wilde","You Keep Me Hangin On","2",82
"226","Taylor Swift","22","2",82
"227","Taylor Swift","Getaway Car","3",82
"228","The Chainsmokers","Something Just Like This","8",82
"229","Britney Spears","If U Seek Amy","2",81
"230","Fickle Friends","She","2",81
"231","The Weather Girls","It's Raining Men","6",81
"232","Ellie Goulding","Holding on for Life","8",80
"233","Kelly Clarkson","Because of You","8",80
"234","Kelly Clarkson","Second Wind","3",80
"235","Shane & Shane","In Christ Alone","5",80
"236","Charli XCX","Track 10","8",79
"237","Daya","Sit Still Look Pretty","5",79
"238","Hayley Kiyoko","Curious","6",79
"239","Agnes","Release Me","2",78
"240","Gareth Emery","Saving Light - Hixxy Remix","5",78
"241","Lope & Kantola","Words Can't Say","4",78
"242","Midnight Kids","Serious (with Matthew Koma)","8",78
"243","Ryn Weaver","Traveling Song","7",78
"244","Standerwick","All Of Us - Radio Edit","3",78
"245","Christina Aguilera","Fighter","5",77
"246","Coldplay","Hymn for the Weekend","8",77
"247","Delta Goodrem","The Speed Of Life","3",77
"248","Selena Gomez","Back To You","8",77
"249","Ava Max","Torn","2",76
"250","Kelly Clarkson","My Favorite Things","3",76
"251","The Hunna","Never Enough","8",76
"252","Zara Larsson","All The Time","8",76
"253","Bebe Rexha","I'm a Mess","8",75
"254","NOTD","Been There Done That (feat. Tove Styrke)","5",75
"255","Twenty One Pilots","Ride","8",75
"256","Vanessa Carlton","A Thousand Miles","8",75
"257","Ben Platt","You Will Be Found","1",74
"258","Katy Perry","Never Really Over","6",74
"259","Jimmy Buffett","Margaritaville","7",73
"260","Ariana Grande","Last Christmas","2",72
"261","Flume","Say It (feat. Tove Lo)","8",72
"262","Kylie Minogue","Into the Blue","8",72
"263","loote","Longer Than I Thought","6",72
"264","Adele","When We Were Young","3",71
"265","Britney Spears","Work B**ch","2",71
"266","Britt Nicole","Walk On The Water","3",71
"267","Cascada","Blink (Radio Edit)","8",71
"268","Joel Hirsch","The Way I See You","6",71
"269","Lady Gaga","LoveGame","2",71
"270","Avicii","Without You (feat. Sandro Cavazza)","8",70
"271","Carly Rae Jepsen","Too Much","2",70
"272","Lady Gaga","A-YO","2",70
"273","Lady Gaga","Telephone (feat. Beyonce)","2",70
"274","loote","Out of My Head","2",70
"275","The Spacies","Dance Your Way Out","6",70
"276","Fickle Friends","Glue","2",69
"277","Nicki Minaj","The Night Is Still Young","2",69
"278","DRYM","Smile - Amir Hussain Remix","3",68
"279","Fall Out Boy","Thnks fr th Mmrs","3",68
"280","Kelly Clarkson","Christmas Eve","6",68
"281","Aly & AJ","Star Maps","2",67
"282","Britt Nicole","Gold","6",67
"283","Carly Rae Jepsen","Part of Your World","7",67
"284","Charlie Puth","How Long","2",67
"285","DJ Sammy","Heaven (featuring Do)","2",67
"286","Sia","California Dreamin'","3",67
"287","tyDi","Redefined (feat. Melanie Fontana & Novaspace) [Club Edit]","8",67
"288","Ariana Grande","Santa Tell Me","5",66
"289","Ella Henderson","Ghost","8",66
"290","Flo Rida","Wild Ones (feat. Sia)","8",66
"291","MATOMA","Sunday Morning (feat. Josie Dunne)","8",66
"292","Miley Cyrus","The Climb","3",66
"293","P!nk","So What","8",66
"294","Fickle Friends","Swim","2",65
"295","Lady Gaga","Heavy Metal Lover","2",65
"296","Ellie Goulding","On My Mind","2",64
"297","Lady Gaga","Venus","2",64
"298","Mannheim Steamroller","Deck The Halls","8",64
"299","Molly Sanden","Youniverse","8",64
"300","Tove Lo","Talking Body","8",63
"301","Carly Rae Jepsen","LA Hallucinations","2",62
"302","Fall Out Boy","Uma Thurman","6",62
"303","Fickle Friends","Say No More - Acoustic","7",62
"304","Kelly Clarkson","White Christmas","7",62
"305","Kim Petras","Heart to Break","5",62
"306","Marina","Blue","2",62
"307","The Go-Go's","Vacation","2",62
"308","Vigiland","Take This Ride","6",62
"309","Bebe Rexha","I Got You","8",61
"310","Francesca Battistelli","He Knows My Name","8",61
"311","Giorgio Moroder","Tom's Diner","8",61
"312","Gryffin","Feel Good","8",61
"313","Jose Feliciano","Feliz Navidad","6",61
"314","Samantha Jade","Sweet Talk","2",61
"315","Belinda Carlisle","Mad About You","3",60
"316","Daya","Hide Away","2",60
"317","Kelly Clarkson","Dance with Me","8",60
"318","Muna","I Know A Place","2",60
"319","The Chainsmokers","Do You Mean","8",60
"320","Candace","Busted","5",59
"321","Eddie Money","Take Me Home Tonight","2",59
"322","Ellie Goulding","Lights","2",59
"323","Florence + the Machine","Shake It Out","8",59
"324","Gryffin","OMG (with Carly Rae Jepsen)","3",59
"325","Gareth Emery","Reckless","8",58
"326","Hannah Montana","The Best of Both Worlds","2",58
"327","Katy Perry","Firework","2",58
"328","Lady Gaga","Boys Boys Boys","2",58
"329","Sia","Chandelier","8",58
"330","Carly Rae Jepsen","All That","8",57
"331","Giorgio Moroder","Wildstar","6",57
"332","Kelly Clarkson","My Grown Up Christmas List","7",57
"333","Pierce Fulton","Kuaga (Lost Time) (Radio Edit)","8",57
"334","Taylor Swift","Mean","3",57
"335","Walk the Moon","One Foot","6",57
"336","Carly Rae Jepsen","Call Me Maybe - 10 Kings vs Ollie Green Remix","2",56
"337","Ellie Goulding","The Writer","8",56
"338","Kelly Clarkson","Heat","5",56
"339","Lindana","I'm Lindana and I Wanna Have Fun","2",56
"340","Marshmello","Happier","2",56
"341","Pale Waves","Television Romance","6",56
"342","Rachel Platten","Speechless","8",56
"343","Chaka Khan","Ain't Nobody","2",55
"344","Francesca Battistelli","Holy Spirit","3",55
"345","Katy Perry","Roar","3",55
"346","Sia","Move Your Body","8",55
"347","Taylor Swift","ME! (feat. Brendon Urie of Panic! at the Disco)","3",55
"348","Armin van Buuren","Alone","8",54
"349","Axwell /\ Ingrosso","More Than You Know","6",54
"350","Cardiknox","On My Way","8",54
"351","Dua Lipa","Hotter than Hell","8",54
"352","Fickle Friends","Bite","2",54
"353","Gryffin","Just For A Moment (feat. Iselin)","3",54
"354","Gryffin","Remember (with ZOHARA)","8",54
"355","Marina","No More Suckers","2",54
"356","Marina","Savages","2",54
"357","River Valley Worship","In Rhythm","6",54
"358","Ariana Grande","Thinking Bout You","8",53
"359","Britney Spears","Oops!...I Did It Again","2",53
"360","Kelly Clarkson","Oh Holy Night","3",53
"361","Kelly Clarkson","The War Is Over","8",53
"362","loote","IDK Single","2",53
"363","Nile Rodgers","I Want Your Love","8",53
"364","Britt Nicole","Look Like Love","2",52
"365","Ellie Goulding","The Greatest","2",52
"366","Little Mix","Hair","6",52
"367","RedOne","Don't You Need Somebody (feat. Enrique Iglesias R. City Serayah & Shaggy)","2",52
"368","Taylor Swift","New Romantics","2",52
"369","Allie X","Prime","2",51
"370","Carrie Underwood","See You Again","8",51
"371","Mako","Let Go Of The Wheel","3",51
"372","Ryn Weaver","The Fool","6",51
"373","Selena Gomez","Only You","7",51
"374","Swedish House Mafia","Don't You Worry Child - Radio Edit","8",51
"375","Christine and the Queens","Tilted","2",50
"376","Mike Perry","Body to Body","8",50
"377","Percy Faith & His Orchestra & Chorus","We Need A Little Christmas","4",50
"378","Britt Nicole","All the Money","8",49
"379","Christina Aguilera","Come On Over Baby (All I Want Is You) - Radio Version","2",49
"380","Ellie Goulding","Sixteen","2",49
"381","Jess Glynne","I'll Be There","8",49
"382","Lady Gaga","Eh Eh (Nothing Else I Can Say)","2",49
"383","Marina","Froot","2",49
"384","Ariana Grande","Zero to Hero - From Hercules","5",48
"385","Fly By Midnight","Everywhere","2",48
"386","Foxes","Let Go for Tonight","3",48
"387","Jess Glynne","Hold My Hand","8",48
"388","Kelly Clarkson","Couldn't Be Better - Pop Version","2",48
"389","Lady Gaga","Born This Way","5",48
"390","Rihanna","Disturbia","2",48
"391","Tove Lo","Cool Girl","8",48
"392","Alice Chater","Hourglass","2",47
"393","Brenda Lee","Rockin' Around The Christmas Tree","6",47
"394","Hailee Steinfeld","Love Myself","6",47
"395","Randy Crenshaw","Perry the Platypus Theme","5",47
"396","Sigala","Easy Love","2",47
"397","The Chainsmokers","This Feeling","8",47
"398","Calvin Harris","This Is What You Came For","8",46
"399","Kelly Clarkson","Someone","8",46
"400","Selena Gomez & The Scene","Naturally","2",46
"401","Charli XCX","ILY2","8",45
"402","David Guetta","Battle (feat. Faouzia)","3",45
"403","Jesus Culture","Forevermore - Live","1",45
"404","Katy Perry","Birthday - Cash Cash Remix","2",45
"405","Kelly Clarkson","You Found Me","8",45
"406","Lana Del Rey","Summertime Sadness (Lana Del Rey Vs. Cedric Gervais) - Cedric Gervais Remix / Radio Edit","8",45
"407","Miley Cyrus","Malibu","3",45
"408","Miley Cyrus","Wrecking Ball","8",45
"409","Roger Bart","Go The Distance","7",45
"410","3OH!3","Don't Trust Me","5",44
"411","Allie X","Girl of the Year","8",44
"412","Jesus Culture","Sing Out - Live","1",44
"413","Jordin Sparks","One Step at a Time","2",44
"414","Leadley","Chic","2",44
"415","Louis Armstrong","What a Wonderful World","7",44
"416","Marina","Starring Role","3",44
"417","Samantha Jade","Let Me Love You","2",44
"418","Vanessa","I'm Me","3",44
"419","Agnes","Stranded","2",43
"420","Aly & AJ","Chemicals React (Remix)","8",43
"421","Avicii","I Could Be The One (Avicii Vs. Nicky Romero) - Radio Edit","6",43
"422","Carly Rae Jepsen","Drive","2",43
"423","Carly Rae Jepsen","Sweetie","2",43
"424","Christina Aguilera","Genie in a Bottle","5",43
"425","Ellie Goulding","Codes","3",43
"426","Ellie Goulding","Joy","7",43
"427","Jess Glynne","Don't Be So Hard on Yourself","2",43
"428","KC and The Sunshine Band","Give It Up","2",43
"429","Kelly Clarkson","Miss Independent","3",43
"430","Lee Ann Womack","I Hope You Dance","3",43
"431","Machine Gun Kelly","Bad Things","5",43
"432","Milkman","Summertime (feat. Brandon Skeie)","2",43
"433","Starship","Nothing's Gonna Stop Us Now","8",43
"434","Calvin Harris","I Need Your Love","2",42
"435","Christina Aguilera","Your Body","8",42
"436","Lady Gaga","Shallow","8",42
"437","Lana Del Rey","Love","7",42
"438","Rufus","The Naked Mole Rap - From Kim Possible","5",42
"439","Selena Gomez","Good for You","8",42
"440","The Pointer Sisters","I'm So Excited","6",42
"441","Zara Larsson","Ain't My Fault","3",42
"442","Andy Williams","It's the Most Wonderful Time of the Year","3",41
"443","Armin van Buuren","Heading Up High","8",41
"444","Christina Grimmie","Everybody Lies","2",41
"445","Ellie Goulding","Goodness Gracious","6",41
"446","Jesus Culture","Weight Of Heaven - Live","6",41
"447","Kelly Clarkson","Let Me Down","6",41
"448","Laidback Luke","XOXO (feat. Ina)","3",41
"449","Martin Garrix","High On Life (feat. Bonn)","3",41
"450","Phil Collins","You'll Be In My Heart","8",41
"451","Sia","Helium (Sia vs. David Guetta & Afrojack)","3",41
"452","Terror Jr","Do or Die","2",41
"453","The Bangles","Hazy Shade of Winter","3",41
"454","Armin van Buuren","I Need You (feat. Olaf Blackwood) - Club Mix","8",40
"455","Cass Elliot","Make Your Own Kind of Music","7",40
"456","Christina Grimmie","Sublime","3",40
"457","Majical Cloudz","Downtown","7",40
"458","Simple Plan","I'd Do Anything","3",40
"459","The Go-Go's","We Got the Beat","3",40
"460","Ariana Grande","Dangerous Woman","8",39
"461","Ariana Grande","Everyday","8",39
"462","Bonnie McKee","I Want It All","6",39
"463","Boys Like Girls","Love Drunk","3",39
"464","Britt Nicole","All This Time","8",39
"465","Carly Rae Jepsen","Black Heart","2",39
"466","Carly Rae Jepsen","Boy Problems","2",39
"467","Carly Rae Jepsen","More Than a Memory","2",39
"468","Carly Rae Jepsen","Run Away With Me - Y2K Remix","8",39
"469","Carly Rae Jepsen","Take a Picture","2",39
"470","Christina Aguilera","Reflection","7",39
"471","Ed Sheeran","Castle on the Hill","3",39
"472","Gareth Emery","We Were Young","8",39
"473","Karmin","Brokenhearted","2",39
"474","Kelly Clarkson","Piece by Piece","8",39
"475","Kygo","Carry Me","8",39
"476","Sigala","Just Got Paid","2",39
"477","Taylor Dayne","Tell It to My Heart","6",39
"478","The 1975","The Sound","6",39
"479","Britt Nicole","Fallin in Love","8",38
"480","Dua Lipa","IDGAF","2",38
"481","Kim Petras","All the Time","2",38
"482","Lady Gaga","Dancin' in Circles","5",38
"483","Mannheim Steamroller","Hark! The Herald Angels Sing","3",38
"484","Marina","Happy","7",38
"485","Marina","Numb","8",38
"486","Marina","Primadonna","8",38
"487","Taylor Swift","Style","8",38
"488","Thomas Hayes","Stay the Same","8",38
"489","Edward Maya","Stereo Love - Radio Edit","8",37
"490","Katy Perry","This Is How We Do","2",37
"491","Lady Gaga","Fashion of His Love","8",37
"492","Little Mix","Love Me Like You","2",37
"493","Marina","Power & Control","8",37
"494","Meghan Trainor","NO","2",37
"495","Samuel E. Wright","Under The Sea - From The Little Mermaid/ Soundtrack Version","7",37
"496","Whitney Houston","I Have Nothing","7",37
"497","Zedd","I Want You to Know","8",37
"498","Bebe Rexha","The Way I Are (Dance with Somebody)","3",36
"499","Britney Spears","Till the World Ends","8",36
"500","Cher","Believe","8",36
"501","Daya","Thirsty","2",36
"502","Jessica Mauboy","We Got Love","8",36
"503","Kari Jobe","I Am Not Alone - Live","7",36
"504","Pat Farrell","For You - Radio Edit","8",36
"505","Selena Gomez","Same Old Love","8",36
"506","Troye Sivan","YOUTH","2",36
"507","Wiz Khalifa","See You Again (feat. Charlie Puth)","8",36
"508","Aly & AJ","Like Whoa","2",35
"509","Avicii","Wake Me Up","8",35
"510","Bonnie McKee","Sleepwalker","6",35
"511","Carrie Underwood","Lessons Learned","8",35
"512","Ellie Goulding","Stay Awake","3",35
"513","Kelly Clarkson","Don't Let Me Stop You","5",35
"514","Kelly Clarkson","Heartbeat Song - Lenno Remix","3",35
"515","Kelly Clarkson","Mr. Know It All","8",35
"516","Loreen","Euphoria","8",35
"517","Panic! at the Disco","High Hopes","2",35
"518","Sigala","Came Here For Love","2",35
"519","Avicii","Levels","4",34
"520","Hannah Montana","Life's What You Make It","6",34
"521","Kelly Clarkson","Second Wind - Cheat Codes Remix","3",34
"522","Lady Gaga","Diamond Heart","8",34
"523","Lady Gaga","Scheibe","2",34
"524","Pat Benatar","We Belong","7",34
"525","Vince Vance & The Valiants","All I Want for Christmas Is You","7",34
"526","Ace of Base","The Sign","2",33
"527","Lady Gaga","Is That Alright?","7",33
"528","Mannheim Steamroller","Veni Veni","4",33
"529","MercyMe","I Can Only Imagine","3",33
"530","Tove Lo","Got Love","8",33
"531","Alan Walker","All Falls Down","6",32
"532","Charli XCX","Backseat (feat. Carly Rae Jepsen)","6",32
"533","Fickle Friends","Heartbroken","2",32
"534","Jesus Culture","Make A Way - Live","1",32
"535","Katrina and the Waves","Walking on Sunshine","2",32
"536","Kristene DiMarco","It Is Well (Live)","7",32
"537","loote","Your Side Of The Bed","2",32
"538","Marina","Sex Yeah","8",32
"539","Molly Sanden","Why am I Crying","7",32
"540","Nicki Minaj","Automatic","2",32
"541","Seven Lions","Don't Leave","6",32
"542","Seven Lions","First Time","3",32
"543","Seven Lions","Freesol","8",32
"544","Tim Halperin","Dance","2",32
"545","Timeflies","Once In A While","6",32
"546","Ariana Grande","The Way","2",31
"547","Britt Nicole","Ready or Not","2",31
"548","Britt Nicole","Ready Or Not - Phenomenon Remix By Soul Glow Activatur","5",31
"549","Carly Rae Jepsen","Party For One - Anki Remix","3",31
"550","Christina Aguilera","This Christmas","3",31
"551","Daughtry","Home","3",31
"552","Hannah Montana","The Other Side of Me","6",31
"553","Hotel Apache","Dare Me","6",31
"554","Kelly Clarkson","Never Again","3",31
"555","Kim Petras","Do Me","8",31
"556","Madison Beer","Melodies","5",31
"557","Mike Posner","I Took A Pill In Ibiza - SeeB Remix","2",31
"558","Scavenger Hunt","Never Enough","8",31
"559","Sia","Move Your Body - Alan Walker Remix","6",31
"560","Sia","Unforgettable","7",31
"561","Taylor Swift","Cruel Summer","5",31
"562","The B-52's","Love Shack","6",31
"563","Tritonal","I Feel The Love","8",31
"564","Virginia To Vegas","Lights Out - Sondr Remix","6",31
"565","Avicii","Broken Arrows","8",30
"566","Bruce Springsteen","Born in the U.S.A.","8",30
"567","Christina Aguilera","Beautiful","8",30
"568","Clean Bandit","Symphony (feat. Zara Larsson)","8",30
"569","Colony House","This Beautiful Life","7",30
"570","DHT","Listen To Your Heart (Furious F. EZ Radio Edit)","6",30
"571","Hannah Montana","Rockstar - Original Version","3",30
"572","Jim Yosef","This Time","3",30
"573","Kristin Chenoweth","Defying Gravity - From Wicked Original Broadway Cast Recording/2003","7",30
"574","Lady Gaga","Mary Jane Holland","5",30
"575","Metro Station","Shake It","6",30
"576","Molly Sanden","Like No One's Watching - Acoustic Version","7",30
"577","Paramore","Ain't It Fun","2",30
"578","Samantha Jade","Show Me Love","8",30
"579","Seven Lions","Strangers","8",30
"580","Sia","Unstoppable","3",30
"581","Taylor Swift","Wildest Dreams","3",30
"582","TeamMate","Nothing's Ever Over","6",30
"583","Whitney Houston","How Will I Know","6",30
"584","*NSYNC","It's Gonna Be Me","2",29
"585","Avril Lavigne","Girlfriend","3",29
"586","Britt Nicole","The Sun Is Rising","3",29
"587","Bruce Springsteen","Dancing in the Dark","3",29
"588","Christina Grimmie","I Bet You Don't Curse God","7",29
"589","Ciara","Thinkin Bout You","2",29
"590","Conrad Sewell","Hold Me Up","8",29
"591","Ellie Goulding","Dead in the Water","7",29
"592","Galantis","Runaway (U & I)","8",29
"593","Gryffin","Whole Heart","3",29
"594","Hillsong United","Heaven Knows","7",29
"595","Iggy Azalea","Fancy","2",29
"596","Jim Yosef","Firefly","8",29
"597","Kelly Clarkson","Catch My Breath - Cash Cash Remix","2",29
"598","Lauren Daigle","Rescue","7",29
"599","Mariah Carey","Christmas (Baby Please Come Home)","2",29
"600","Milkman","All the Way (Milkman Remix)","8",29
"601","P!nk","U + Ur Hand","2",29
"602","Samantha Jade","Wait For It","3",29
"603","Snakehips","All My Friends","8",29
"604","Andy Williams","Happy Holiday / the Holiday Season","7",28
"605","Carly Rae Jepsen","Curiosity","2",28
"606","Christina Grimmie","Deception","7",28
"607","Daniel Powter","Bad Day","3",28
"608","Ellie Goulding","Don't Panic","8",28
"609","Foxes","Body Talk","2",28
"610","Hillsong United","Touch the Sky","7",28
"611","Jessie J","Part Of Your World - From The Little Mermaid","7",28
"612","Josh Groban","Believe","7",28
"613","Kelly Clarkson","Piece by Piece - Idol Version","7",28
"614","Lady Gaga","Starstruck","2",28
"615","Lou Monte","Dominick The Italian Christmas Donkey","2",28
"616","Marshmello","Here With Me","8",28
"617","Ryn Weaver","Sail On","8",28
"618","Syn Cole","Getaway - VIP Mix","2",28
"619","The Romantics","What I Like About You","2",28
"620","Vanessa Carlton","Ordinary Day","3",28
"621","Verka Serduchka","Dancing Lasha Tumbai","2",28
"622","Wynter Gordon","Dirty Talk","2",28
"623","Ariana Grande","Focus","5",27
"624","Britt Nicole","Have Your Way","3",27
"625","Burl Ives","You're a Mean One Mr. Grinch","7",27
"626","Carly Rae Jepsen","No Drug Like Me","2",27
"627","Celine Dion","That's the Way It Is","8",27
"628","David Guetta","Where Them Girls At (feat. Nicki Minaj & Flo Rida)","2",27
"629","Foxes","If You Leave Me Now","3",27
"630","Haley Reinhart","Can't Help Falling In Love","7",27
"631","Katy Perry","Last Friday Night (T.G.I.F.)","6",27
"632","Kenny Loggins","Celebrate Me Home","7",27
"633","Lady Gaga","Swine","6",27
"634","Mako","I Won't Let You Walk Away - Lost Kings Remix","8",27
"635","Nat King Cole","O Tannenbaum","7",27
"636","OneRepublic","I Lived","8",27
"637","Toby Keith","Courtesy Of The Red White And Blue (The Angry American)","8",27
"638","Britt Nicole","Walk On The Water - Phenomenon Remix By Soul Glow Activatur","8",26
"639","Carly Rae Jepsen","This Kiss","6",26
"640","Christina Aguilera","Lady Marmalade - From Moulin Rouge Soundtrack","6",26
"641","Ellie Goulding","Keep on Dancin'","8",26
"642","Ellie Goulding","Starry Eyed","6",26
"643","Ellie Goulding","You My Everything","3",26
"644","Flo Rida","That's What I Like (feat. Fitz)","6",26
"645","Frank Sinatra","I Heard The Bells On Christmas Day","7",26
"646","Hawk Nelson","Drops In the Ocean","8",26
"647","Josh Groban","You Are Loved (Don't Give Up)","8",26
"648","Katy Perry","The One That Got Away","2",26
"649","Kelly Clarkson","Let Your Tears Fall","5",26
"650","Lady Gaga","Monster","6",26
"651","Lauren Daigle","Still Rolling Stones","8",26
"652","Sia","Confetti","8",26
"653","Susan Egan","I Won't Say (I'm In Love)","2",26
"654","The Wanted","Walks Like Rihanna","8",26
"655","Vigiland","Be Your Friend","2",26
"656","a-ha","Take On Me","2",25
"657","Britt Nicole","Holiday - MyKidBrother Remix","2",25
"658","Bryan Adams","Summer of '69","2",25
"659","Carly Rae Jepsen","Julien","2",25
"660","Clean Bandit","Rockabye (feat. Sean Paul & Anne-Marie)","2",25
"661","Destiny's Child","Survivor","5",25
"662","Fleur East","Sax","6",25
"663","Gayla Peevey","I Want a Hippopotamus for Christmas (Hippo the Hero)","2",25
"664","Jess Glynne","Take Me Home","3",25
"665","Jim Yosef","Insurgence","4",25
"666","John Martin","Anywhere For You - Radio Edit","8",25
"667","Judah & the Lion","Suit And Jacket","2",25
"668","Kelly Clarkson","A Moment Like This","3",25
"669","Lady Gaga","Poker Face - Jody Den Broeder Remix","1",25
"670","Porter Robinson","Shelter","3",25
"671","Rachel Platten","Astronauts","2",25
"672","Rascal Flatts","Life Is a Highway","8",25
"673","Samantha Jade","Always","2",25
"674","Samantha Jade","Born to Be Alive","6",25
"675","Selena Gomez & The Scene","Hit the Lights","6",25
"676","Years & Years","King","3",25
"677","Bonnie McKee","American Girl","6",24
"678","Burl Ives","A Holly Jolly Christmas","7",24
"679","Ella Eyre","Good Times","5",24
"680","Great Good Fine OK","Take It or Leave It","2",24
"681","Jessie J","Bang Bang","6",24
"682","Joan Jett","I Hate Myself For Loving You","2",24
"683","Journey","Don't Stop Believin'","6",24
"684","Katy Perry","Teenage Dream","2",24
"685","Kelly Clarkson","Beautiful Disaster (Live)","7",24
"686","Kelly Clarkson","I Forgive You","2",24
"687","Lady Gaga","ARTPOP","8",24
"688","Lady Gaga","Dance in the Dark","8",24
"689","Mannheim Steamroller","Carol Of The Bells","8",24
"690","Rachel Taylor","Porcelain","3",24
"691","The Barden Bellas","Cups ('When I'm Gone') - Campfire Version","5",24
"692","The Chainsmokers","Don't Let Me Down - Illenium Remix","8",24
"693","Alesso","Heroes (We Could Be)","6",23
"694","Ariana Grande","Break Free","8",23
"695","Britt Nicole","Breakthrough","3",23
"696","Carlie Hanson","Back in My Arms","3",23
"697","Celine Dion","O Holy Night","7",23
"698","Eva","Touch Me","2",23
"699","John Parr","St. Elmo's Fire (Man in Motion)","8",23
"700","Jordin Sparks","Tattoo","3",23
"701","Judy Collins","Both Sides Now","7",23
"702","Katy Perry","Dark Horse","8",23
"703","Kelly Clarkson","Dark Side","8",23
"704","Kelly Clarkson","Walk Away","2",23
"705","Lionel Richie","All Night Long (All Night) - Single Version","2",23
"706","LMFAO","Party Rock Anthem","8",23
"707","Marina","Hypocrates","8",23
"708","Selena Gomez","Slow Down","6",23
"709","Sia","Chandelier - Piano Version","7",23
"710","Steve Winwood","Higher Love - Single Version","6",23
"711","Ariana Grande","One Last Time","8",22
"712","Ariana Grande","Problem","2",22
"713","Carly Rae Jepsen","Tonight I'm Getting Over You - Remix","4",22
"714","Carly Rae Jepsen","Wrong Feels So Right","6",22
"715","DJ Khaled","All I Do is Win","6",22
"716","Idina Menzel","Let It Go - From Frozen/Soundtrack Version","7",22
"717","Jimmy Buffett","Cheeseburger In Paradise","2",22
"718","Katy Perry","Waving Through A Window - from Dear Evan Hansen","3",22
"719","Lady Gaga","Angel Down","7",22
"720","Lady Gaga","Million Reasons","7",22
"721","Lauren Daigle","Love Like This","7",22
"722","Mannheim Steamroller","Hark! The Herald Trumpets Sing","4",22
"723","Martin Garrix","Scared to Be Lonely","3",22
"724","Nicki Minaj","Va Va Voom","2",22
"725","Selena Gomez","Back To You - Anki Remix","8",22
"726","The Runaway Club","Runaway","2",22
"727","Whitney Houston","Do You Hear What I Hear?","3",22
"728","Alice Chater","Tonight","6",21
"729","Calum Scott","Dancing On My Own","7",21
"730","Carly Rae Jepsen","Cry","8",21
"731","Ellie Goulding","Army","3",21
"732","Flo Rida","Good Feeling","6",21
"733","Jessie J","Flashlight - From Pitch Perfect 2","3",21
"734","Kelly Clarkson","Gone","2",21
"735","Kelly Clarkson","Piece By Piece - Radio Mix","8",21
"736","Kelly Clarkson","You Can't Win","3",21
"737","Lady Gaga","Alejandro","8",21
"738","Lost Kings","First Love","5",21
"739","Marina","Handmade Heaven","8",21
"740","Marina","I'm a Ruin","6",21
"741","Marina","Shampain","2",21
"742","Meredith Andrews","Open Up The Heavens","3",21
"743","P!nk","Can We Pretend","5",21
"744","The Pointer Sisters","Jump (For My Love)","2",21
"745","Thurl Ravenscroft","You're A Mean One Mr. Grinch","5",21
"746","Vince Guaraldi Trio","O Tannenbaum","7",21
"747","Billy Joel","We Didn't Start the Fire","6",20
"748","Cyndi Lauper","Girls Just Want to Have Fun","6",20
"749","Dami Im","Super Love","8",20
"750","Dead or Alive","You Spin Me Round (Like a Record)","6",20
"751","Ella Henderson","Rockets","8",20
"752","Ellie Goulding","We Can't Move to This","2",20
"753","Jess Glynne","All I Am","2",20
"754","Jess Glynne","Gave Me Something","6",20
"755","Jessie J","Domino","2",20
"756","Kanye West","Stronger","6",20
"757","Kelly Clarkson","Wrapped in Red","8",20
"758","Lady Gaga","Bad Romance - Skrillex Remix","5",20
"759","Lady Gaga","John Wayne","6",20
"760","Lady Gaga","Money Honey","2",20
"761","Mannheim Steamroller","Lo How A Rose E'er Blooming","4",20
"762","Martin Solveig","The Night Out (Madeon Remix)","8",20
"763","Miley Cyrus","Party in the U.S.A.","3",20
"764","Olivia Olson","That Christmas Feeling","2",20
"765","Phineas and the Ferbtones","Gitchee Gitchee Goo","2",20
"766","Pink Martini","Que Sera Sera","7",20
"767","Rita Ora","I Will Never Let You Down","2",20
"768","Tove Lo","Not on Drugs","2",20
"769","Tove Lo","Thousand Miles","5",20
"770","Trans-Siberian Orchestra","Christmas Eve/ Sarajevo","4",20
"771","Trans-Siberian Orchestra","Wizards In Winter - Instrumental","4",20
"772","Vince Guaraldi Trio","Linus and Lucy","4",20
"773","Whitney Houston","Greatest Love of All","7",20
"774","Britt Nicole","Gold - Jason Nevins Rhythmic Remix/Bonus Track","6",19
"775","Britt Nicole","O Come All Ye Faithful","3",19
"776","Demi Lovato","Confident","8",19
"777","Francesca Battistelli","Write Your Story","2",19
"778","Jess Glynne","Ain't Got Far to Go","6",19
"779","Jess Glynne","You Can Find Me","6",19
"780","Kelly Clarkson","Broken & Beautiful (from the movie UGLYDOLLS)","2",19
"781","Kelly Clarkson","In the Blue","8",19
"782","Kelly Clarkson","Tip of My Tongue","8",19
"783","Krewella","Alive","8",19
"784","Lionel Richie","Dancing on the Ceiling","7",19
"785","Marina","How to Be a Heartbreaker","2",19
"786","Nat King Cole","The Christmas Song (Merry Christmas To You)","7",19
"787","Peg Parnevik","Break Up a Bit","8",19
"788","Rachel Platten","Better Place","7",19
"789","Rachel Platten","Broken Glass","6",19
"790","Rita Ora","How We Do (Party)","2",19
"791","Sia","Cheap Thrills - John J-C Carr Remix","2",19
"792","Taylor Swift","Love Story","8",19
"793","Taylor Swift","You Belong with Me","8",19
"794","Vigiland","Another Shot - ESL One New York Edit","4",19
"795","A Great Big World","Say Something","7",18
"796","Ben Haenow","Second Hand Heart","8",18
"797","Betty Who","Dreaming About You","6",18
"798","Blondie","Call Me","2",18
"799","Bon Jovi","It's My Life","6",18
"800","Celine Dion","Don't Save It All for Christmas Day","8",18
"801","Charli XCX","Break the Rules","2",18
"802","Daya","Legendary","5",18
"803","Dolly Parton","9 to 5","6",18
"804","Ellie Goulding","Your Biggest Mistake","8",18
"805","Florrie","Too Young to Remember - Florrie Remix","8",18
"806","George Michael","I Knew You Were Waiting (For Me)","2",18
"807","Green Day","Good Riddance (Time of Your Life)","8",18
"808","Heart","Alone","7",18
"809","Howie Day","Collide","8",18
"810","Josh Groban","Silent Night","7",18
"811","Journey","Faithfully","8",18
"812","Katy Perry","Dressin' Up","2",18
"813","Kelly Clarkson","Whyyawannabringmedown","2",18
"814","Lady Gaga","Do What U Want","2",18
"815","Lady Gaga","Teeth","2",18
"816","Loverboy","Working for the Weekend","6",18
"817","Mannheim Steamroller","God Rest Ye Merry Gentlemen - Rock Version","4",18
"818","Maroon 5","Sugar","2",18
"819","Mike Perry","Inside The Lines","8",18
"820","P!nk","Try","8",18
"821","Rachel Platten","Beating Me Up","8",18
"822","Scavenger Hunt","Eyes Wide Open","3",18
"823","Sia","Alive","8",18
"824","Betty Who","Somebody Loves You","6",17
"825","Britt Nicole","Stand","8",17
"826","Carly Rae Jepsen","Guitar String / Wedding Ring","6",17
"827","Cash Cash","Surrender","8",17
"828","Christina Grimmie","Hold On We're Going Home - The Voice Performance","8",17
"829","Demi Lovato","Skyscraper","8",17
"830","Ellie Goulding","Devotion","8",17
"831","Flo Rida","My House","2",17
"832","Jennifer Lopez","On the Floor (feat. Pitbull)","2",17
"833","Jessica Sanchez","Tonight","8",17
"834","Junior Doctor","Uh Oh","2",17
"835","Katy Perry","Part of Me","2",17
"836","Kelly Clarkson","Addicted","3",17
"837","Kelly Clarkson","Every Christmas","3",17
"838","Lady Gaga","Joanne (Where Do You Think You're Goin'?) - Piano Version","7",17
"839","Marina","Hollywood","6",17
"840","Olly Murs","Troublemaker","2",17
"841","Rihanna","We Found Love (feat. Calvin Harris)","8",17
"842","Secret Nation","You Are Mine (feat. Holley Maher)","7",17
"843","Taylor Swift","I Know Places","3",17
"844","The Bangles","Walk Like an Egyptian","2",17
"845","The Saturdays","Disco Love","6",17
"846","Ariana Grande","Be My Baby","3",16
"847","Bob Rivers","The Twelve Pains Of Christmas","7",16
"848","Britney Spears","...Baby One More Time","6",16
"849","Bruce Springsteen","Santa Claus Is Comin' To Town - Single Version","4",16
"850","Cash Cash","Take Me Home (feat. Bebe Rexha)","5",16
"851","Christina Grimmie","Liar Liar","3",16
"852","Clean Bandit","Real Love","2",16
"853","Earth Wind & Fire","September","2",16
"854","Ella Eyre","Comeback","2",16
"855","Ellie Goulding","Figure 8","3",16
"856","Ellie Goulding","Hanging On","3",16
"857","Fergie","M.I.L.F. $","2",16
"858","Foxes","Holding onto Heaven","6",16
"859","Frank Sinatra","The Christmas Waltz","7",16
"860","JoJo","Too Little Too Late","8",16
"861","Kelly Clarkson","Invincible - Vicetone Mix","2",16
"862","Kelly Clarkson","Maybe","8",16
"863","Kenny G","Auld Lang Syne","4",16
"864","Kylie Minogue","Sexercize","3",16
"865","Lady Gaga","Joanne","3",16
"866","Lady Gaga","You and I","8",16
"867","Leona Lewis","Footprints in the Sand","7",16
"868","Matt Redman","10000 Reasons (Bless the Lord) - Live","1",16
"869","Nile Rodgers","Sober","6",16
"870","Pitbull","Timber","2",16
"871","Sheppard","Edge Of The Night","2",16
"872","Sia","Bird Set Free","3",16
"873","Sia","Never Give Up","8",16
"874","Taylor Swift","How You Get the Girl","2",16
"875","The Ronettes","Sleigh Ride","6",16
"876","Usher","More - RedOne Jimmy Joker Remix","6",16
"877","Alessia Cara","Here","8",15
"878","Candace","Summer Belongs to You","6",15
"879","Carly Rae Jepsen","Tiny Little Bows","2",15
"880","Carly Rae Jepsen","Tonight I'm Getting Over You","4",15
"881","Carly Rae Jepsen","Tug of War","2",15
"882","Carly Rae Jepsen","Your Heart Is a Muscle","3",15
"883","Celine Dion","All by Myself","7",15
"884","Celine Dion","Because You Loved Me","7",15
"885","Celine Dion","It's All Coming Back to Me Now","1",15
"886","Chromeo","Jealous (I Ain't With It)","2",15
"887","Dolly Parton","Here You Come Again","7",15
"888","Earth Wind & Fire","Let's Groove","2",15
"889","Ellie Goulding","Only You","6",15
"890","Enya","O Come O Come Emmanuel","7",15
"891","Fall Out Boy","I Don't Care","6",15
"892","Hardwell","Follow Me","8",15
"893","James Arthur","Remember Who I Was","7",15
"894","Jesus Culture","Make Us One - Live","1",15
"895","Joan Osborne","One Of Us - Short Version","8",15
"896","Kelly Clarkson","Don't Waste Your Time","8",15
"897","Kelly Clarkson","How I Feel","2",15
"898","Kelly Clarkson","I'll Be Home for Christmas","7",15
"899","Kylie Minogue","Can't Get You Out of My Head","4",15
"900","Kylie Minogue","Love at First Sight","8",15
"901","Lady Gaga","Marry the Night","6",15
"902","Martin Garrix","Don't Look Down","8",15
"903","MGM Studio Chorus","Trim Up The Tree","6",15
"904","MGM Studio Chorus","Welcome Christmas","7",15
"905","Queen","Don't Stop Me Now - Remastered","5",15
"906","Rachel Platten","Angels In Chelsea","5",15
"907","Sarah McLachlan","When She Loved Me","7",15
"908","Selena Gomez","Sober","8",15
"909","Taylor Swift","... Ready For It?","3",15
"910","Taylor Swift","Welcome to New York","2",15
"911","The Barden Bellas","Bellas Regionals: The Sign/Eternal Flame/Turn The Beat Around","7",15
"912","The Rembrandts","I'll Be There For You","3",15
"913","The Veronicas","In My Blood","6",15
"914","Timeflies","All The Way","2",15
"915","Tritonal","Set It On Fire","8",15
"916","Wynter Gordon","Higher","7",15
"917","Adele","Rolling in the Deep","2",14
"918","Alexandra Stan","Mr. Saxobeat","2",14
"919","Angela Lansbury","Be Our Guest - From Beauty and the Beast","7",14
"920","Ariana Grande","Bad Decisions","2",14
"921","Ariana Grande","Why Try","3",14
"922","Breathe Carolina","Lovin","8",14
"923","Britney Spears","Hold It Against Me","8",14
"924","Britt Nicole","Girls Night Out","6",14
"925","Britt Nicole","Through Your Eyes","8",14
"926","Calvin Harris","Outside","6",14
"927","Cardiknox","Wild Child","2",14
"928","Carmen Twillie","Circle of Life - From The Lion King","7",14
"929","Christina Aguilera","Hurt","7",14
"930","Christina Aguilera","What a Girl Wants","2",14
"931","Clean Bandit","Tears (feat. Louisa Johnson)","8",14
"932","Colbie Caillat","Bubbly","7",14
"933","Ellie Goulding","My Blood","8",14
"934","Jessie J","Price Tag","5",14
"935","Jesus Culture","Halls Of Heaven - Live","6",14
"936","John Mellencamp","Small Town","6",14
"937","Joseph Williams","Can You Feel the Love Tonight","7",14
"938","Journey","Any Way You Want It","3",14
"939","Judy Kuhn","Just Around The Riverbend","7",14
"940","Ke$ha","Die Young","2",14
"941","Kiesza","Hideaway","8",14
"942","Lady Gaga","Come to Mama","3",14
"943","Lana Del Rey","Young and Beautiful","7",14
"944","Nena","99 Luftballons","8",14
"945","Nikki Williams","Glowing","8",14
"946","P!nk","Just Like a Pill","8",14
"947","Pale Waves","Drive","8",14
"948","Rita Ora","R.I.P.","2",14
"949","Taylor Swift","All You Had to Do Was Stay","8",14
"950","Tori Kelly","Colors Of The Wind - From Pocahontas","7",14
"951","Vince Guaraldi Trio","Hark the Herald Angels Sing","7",14
"952","Zedd","365","8",14
"953","Zedd","Addicted To A Memory","8",14
"954","Armin van Buuren","This Is What It Feels Like","8",13
"955","Avril Lavigne","Complicated","8",13
"956","Avril Lavigne","I'm with You","3",13
"957","Axwell /\ Ingrosso","Something New","8",13
"958","Betty Who","High Society","8",13
"959","Britt Nicole","Be the Change","6",13
"960","Celine Dion","My Heart Will Go On","7",13
"961","Cher Lloyd","Want U Back","6",13
"962","Christina Grimmie","How To Love - The Voice Performance","3",13
"963","Chumbawamba","Tubthumping","6",13
"964","Cliff Edwards","When You Wish Upon a Star","7",13
"965","Danny Gokey","Tell Your Heart to Beat Again","7",13
"966","Ed Sheeran","BLOW (with Chris Stapleton & Bruno Mars)","6",13
"967","Gryffin","OMG (with Carly Rae Jepsen) - Anki Remix","6",13
"968","Hillsong Worship","Christ Is Enough","8",13
"969","Illenium","Good Things Fall Apart (with Jon Bellion)","8",13
"970","Jason Weaver","I Just Can't Wait To Be King - From The Lion King/Soundtrack Version","2",13
"971","Jimmy Durante","Frosty the Snowman","5",13
"972","Josh Groban","All I Ask Of You (duet with Kelly Clarkson) - From The Phantom Of The Opera","7",13
"973","Josh Groban","I'll Be Home For Christmas","7",13
"974","Josh Groban","Remember When It Rained","7",13
"975","Katy Perry","By the Grace of God","7",13
"976","Ke$ha","Your Love Is My Drug","2",13
"977","Kelly Clarkson","Move You","8",13
"978","Lady Gaga","Dope","7",13
"979","Lady Gaga","Hair","2",13
"980","Marina","Lies","8",13
"981","Miley Cyrus","See You Again","5",13
"982","Nicki Minaj","Whip It","5",13
"983","Pale Waves","She","8",13
"984","Rachel Platten","You Don't Know My Heart","3",13
"985","Rihanna","Bitch Better Have My Money","8",13
"986","Shakira","Try Everything","8",13
"987","Snow Patrol","Chasing Cars","8",13
"988","The Barden Bellas","Bellas Finals: Price Tag/Don't You (Forget About Me)/Give Me Everything/Just The Way You Are/Party In The U.S.A./Turn The Beat Around","8",13
"989","The Disney Afternoon Studio Chorus","Chip 'N' Dale's Rescue Rangers Theme Song - From Chip 'n' Dale's Rescue Rangers","6",13
"990","Tove Lo","Timebomb","3",13
"991","Van Halen","Jump","2",13
"992","Vigiland","Friday Night","8",13
"993","Vince Guaraldi Trio","Christmas Time Is Here - Vocal","7",13
"994","Zedd","Find You","8",13
"995","Alesso","Cool","6",12
"996","Avril Lavigne","What the Hell","2",12
"997","Band Aid","Do They Know It's Christmas?","8",12
"998","Britt Nicole","The Sun Is Rising - Horizon Remix","3",12
"999","Bruce Springsteen","Born to Run","3",12
"1000","Cady Groves","This Little Girl","6",12
"1001","Cascada","Evacuate the Dancefloor","2",12
"1002","Cascada","Playground","8",12
"1003","Celine Dion","Beauty and the Beast - Duet with Peabo Bryson from the Soundtrack Beauty and the Beast","7",12
"1004","Christina Aguilera","Oh Holy Night","3",12
"1005","Christina Aguilera","The Voice Within","7",12
"1006","Christina Grimmie","Hide And Seek - The Voice Performance","7",12
"1007","David Guetta","Goodbye Friend (feat. The Script)","8",12
"1008","David Guetta","When Love Takes Over (feat. Kelly Rowland)","2",12
"1009","Destiny's Child","Say My Name","2",12
"1010","Ella Eyre","If I Go","3",12
"1011","Ellie Goulding","Explosions","7",12
"1012","Ellie Goulding","Halcyon","7",12
"1013","Ellie Goulding","Lights (Bassnectar remix)","4",12
"1014","Fall Out Boy","My Songs Know What You Did in the Dark (Light Em Up)","6",12
"1015","Flo Rida","Right Round","2",12
"1016","fun.","We Are Young (feat. Janelle Monae)","3",12
"1017","Gene Autry","Rudolph The Red-Nosed Reindeer","7",12
"1018","Jennifer Lopez","Live It Up","6",12
"1019","Jermaine Stewart","We Don't Have To Take Our Clothes Off - 7'' Version","2",12
"1020","Johnny Mathis","It's The Most Wonderful Time Of The Year","7",12
"1021","Josh Groban","You Raise Me Up","7",12
"1022","Katy Perry","Swish Swish","2",12
"1023","Kelly Clarkson","Heartbeat Song - Dave Aude Radio Mix","5",12
"1024","Kelly Clarkson","Let Your Tears Fall - Cutmore Remix","8",12
"1025","Kelly Clarkson","Where Is Your Heart","3",12
"1026","Krewella","Live for the Night","8",12
"1027","Lady Gaga","Government Hooker","6",12
"1028","Lady Gaga","Hey Girl","2",12
"1029","Lady Gaga","Summerboy","2",12
"1030","Lily Allen","Fuck You","2",12
"1031","Lost Kings","Try","3",12
"1032","Madonna","Open Your Heart","2",12
"1033","Mannheim Steamroller","Traditions Of Christmas","4",12
"1034","Marina","True","2",12
"1035","Nat King Cole","Caroling Caroling","7",12
"1036","Nicki Minaj","Anaconda","5",12
"1037","Odessa","I Will Be There","7",12
"1038","Pitbull","Feel This Moment","5",12
"1039","SAINTE","Back 2 Me","2",12
"1040","Sia","Fire Meet Gasoline","3",12
"1041","Taio Cruz","Dynamite","2",12
"1042","The Emotions","Best of My Love","2",12
"1043","Whitney Houston","One Moment in Time","3",12
"1044","Whitney Houston","The Star Spangled Banner - Live from Super Bowl XXV","6",12
"1045","Adele","Set Fire to the Rain","8",11
"1046","Andrea Bocelli","The Prayer","7",11
"1047","Aretha Franklin","Who's Zoomin' Who?","2",11
"1048","Ariana Grande","Snow in California","6",11
"1049","Bon Jovi","You Give Love a Bad Name","6",11
"1050","Bonnie Tyler","Total Eclipse of the Heart","3",11
"1051","Britney Spears","Womanizer","8",11
"1052","Burl Ives","Silver And Gold","7",11
"1053","Carrie Underwood","Whenever You Remember","8",11
"1054","Cheat Codes","Queen Elizabeth","8",11
"1055","Christina Aguilera","Ain't No Other Man","5",11
"1056","Christina Aguilera","Love Will Find a Way","6",11
"1057","Coldplay","A Sky Full of Stars","8",11
"1058","Dev","In the Dark","6",11
"1059","Ella Eyre","We Don't Have To Take Our Clothes Off","7",11
"1060","Ellie Goulding","Atlantis","3",11
"1061","Emma Blackery","Dirt","2",11
"1062","Eurythmics","Sisters Are Doin' It for Themselves (Than Never to Have Loved)","6",11
"1063","Gwen Stefani","Make Me Like You","2",11
"1064","Hannah Montana","I Got Nerve","2",11
"1065","Huey Lewis & The News","Hip to Be Square","2",11
"1066","Jason Aldean","Don't You Wanna Stay","3",11
"1067","Jess Glynne","My Love - Acoustic","7",11
"1068","Kelly Clarkson","Good Goes the Bye","3",11
"1069","Kelly Clarkson","Hole","6",11
"1070","Kelly Clarkson","Honestly","3",11
"1071","Kelly Clarkson","Please Come Home for Christmas (Bells Will Be Ringing)","3",11
"1072","Kelly Clarkson","Save You","8",11
"1073","Lady Gaga","I Like It Rough","2",11
"1074","Lady Gaga","Paper Gangsta","2",11
"1075","Lady Gaga","The Fame","2",11
"1076","Lea Salonga","A Whole New World","7",11
"1077","Los Lobos","La Bamba (45 Version)","2",11
"1078","Maroon 5","She Will Be Loved","8",11
"1079","Melanie Martinez","Pity Party","8",11
"1080","P!nk","Raise Your Glass","2",11
"1081","Punk Party","Hide and Seek","8",11
"1082","Raven-Symone","That's So Raven (Theme Song)","2",11
"1083","Rebecka Karlsson","Who I Am","8",11
"1084","Samantha Jade","Hurt Anymore","8",11
"1085","Samantha Jade","Shake That","2",11
"1086","Sick Individuals","Wasting Moonlight - Andrew Rayel Radio Edit","5",11
"1087","Stevie Wonder","What Christmas Means to Me","2",11
"1088","The Buggles","Video Killed the Radio Star","8",11
"1089","The Disney Afternoon Studio Chorus","Duck Tales Theme - From Duck Tales","2",11
"1090","Thomas Helmore","A Christmas Festival Medley: Joy To The World / Deck The Halls / Good King Wenceslas / God Rest Ye Merry Gentlemen / Hark! The Herald Angels Sing / The First Noel / Silent Night / Jingle Bells / O Come All Ye Faithful","4",11
"1091","Tommy Tutone","867-5309 / Jenny","2",11
"1092","V V Brown","Shark In The Water","6",11
"1093","Zedd","Beautiful Now","2",11
"1094","Ariana Grande","Into You - 3LAU Remix","8",10
"1095","Billy Idol","Mony Mony","8",10
"1096","Bing Crosby","Mele Kalikimaka - Single Version","7",10
"1097","Britt Nicole","Who You Say You Are","8",10
"1098","Bruno Mars","24K Magic","2",10
"1099","Carrie Underwood","Something in the Water","3",10
"1100","Charli XCX","Doing It (feat. Rita Ora)","6",10
"1101","Christina Grimmie","I Won't Give Up","3",10
"1102","Ellie Goulding","This Love (Will Be Your Downfall)","8",10
"1103","Ellie Goulding","Your Song","7",10
"1104","Emeli Sande","Clown","7",10
"1105","Faith Hill","There You'll Be - Remastered","7",10
"1106","Iggy Azalea","Team","6",10
"1107","Johnny Mathis","It's Beginning to Look a Lot Like Christmas","7",10
"1108","Josh Groban","Angels We Have Heard On High - Duet With Brian Mcknight","7",10
"1109","Josh Groban","Thankful","7",10
"1110","Katy Perry","E.T.","5",10
"1111","Katy Perry","If You Can Afford Me","2",10
"1112","Katy Perry","Unconditionally","3",10
"1113","Katy Perry","Waking Up in Vegas","8",10
"1114","Kelly Clarkson","Einstein","6",10
"1115","Kelly Clarkson","Hear Me","8",10
"1116","Kelly Clarkson","I Hate Myself for Losing You","2",10
"1117","Kelly Clarkson","If I Can't Have You","2",10
"1118","Kelly Clarkson","Standing in Front of You","8",10
"1119","Kelly Clarkson","War Paint","2",10
"1120","Kenny G","Silver Bells","4",10
"1121","Kool & The Gang","Celebration - Single Version","2",10
"1122","La Roux","Bulletproof","2",10
"1123","Lady Gaga","Speechless","3",10
"1124","Lee Greenwood","God Bless the USA","3",10
"1125","Leroy Anderson","Sleigh Ride","7",10
"1126","Marina","The State of Dreaming","8",10
"1127","Mika","Popular Song","2",10
"1128","Nathan Lane","Hakuna Matata","7",10
"1129","Nicki Minaj","Pound the Alarm","2",10
"1130","Owl City","Good Time - Wideboys Remix [Club]","2",10
"1131","P!nk","Blow Me (One Last Kiss)","6",10
"1132","Rachel Platten","Lone Ranger","8",10
"1133","Rob Thomas","Little Wonders","8",10
"1134","Shakira","Hips Don't Lie","6",10
"1135","Starship","We Built This City","2",10
"1136","Tiesto","Red Lights","8",10
"1137","Tori Kelly","Nobody Love","2",10
"1138","*NSYNC","Bye Bye Bye","2",9
"1139","3OH!3","Starstrukk (feat. Katy Perry)","6",9
"1140","Adele","Chasing Pavements","8",9
"1141","Adele","Someone Like You","7",9
"1142","Alesso","Scars","6",9
"1143","Alex Newell","Nobody to Love","5",9
"1144","Aretha Franklin","Let It Be","7",9
"1145","Aretha Franklin","Respect","2",9
"1146","Ariana Grande","Love Me Harder","8",9
"1147","Avril Lavigne","Sk8er Boi","6",9
"1148","Betty Who","All of You","8",9
"1149","Betty Who","Heartbreak Dream","8",9
"1150","Billy Joel","Why Should I Worry","2",9
"1151","Bonnie McKee","Bombastic","2",9
"1152","Britt Nicole","After You","7",9
"1153","Cobra Starship","Good Girls Go Bad (feat. Leighton Meester)","6",9
"1154","Ellie Goulding","Aftertaste","6",9
"1155","Ellie Goulding","I Know You Care","7",9
"1156","Ellie Goulding","Under Control","3",9
"1157","Emeli Sande","Next to Me","8",9
"1158","Fickle Friends","Brooklyn","6",9
"1159","Green Day","Wake Me Up When September Ends","8",9
"1160","Imagine Dragons","Demons","8",9
"1161","Jessie J","Who You Are","8",9
"1162","John De Sohn","Dance Our Tears Away - Extended","8",9
"1163","Karmin","Pulses","8",9
"1164","Katy Perry","International Smile","8",9
"1165","Katy Perry","Legendary Lovers","8",9
"1166","Katy Perry","Walking on Air","2",9
"1167","Kelly Clarkson","Cry","3",9
"1168","Kelly Clarkson","Long Shot","2",9
"1169","Kelly Clarkson","Ready","6",9
"1170","Kelly Clarkson","Run Run Run","7",9
"1171","Kelly Clarkson","The Day We Fell Apart","8",9
"1172","Kelly Clarkson","Wide Open Spaces - Live","3",9
"1173","Kenny G","Have Yourself a Merry Little Christmas","4",9
"1174","Kool & The Gang","Get Down On It","2",9
"1175","Lady Gaga","Bloody Mary","8",9
"1176","Lady Gaga","Fashion!","8",9
"1177","Lauren Daigle","You Say","3",9
"1178","Lord Huron","The Night We Met","7",9
"1179","Lost Kings","Too Far Gone - Wild Cards Remix","8",9
"1180","Martin Garrix","Animals","4",9
"1181","Naked Eyes","Always Something There To Remind Me","6",9
"1182","Owl City","You're Not Alone","5",9
"1183","Passenger","Let Her Go","8",9
"1184","Paul Simon","You Can Call Me Al","2",9
"1185","Randy Newman","You've Got A Friend In Me","7",9
"1186","Rihanna","Pon de Replay","2",9
"1187","Selena Gomez","Come & Get It","8",9
"1188","Shawn Mendes","Life of the Party","8",9
"1189","The Bettys","Ready for the Bettys","2",9
"1190","The Ronettes","I Saw Mommy Kissing Santa Claus","3",9
"1191","Two Friends","Brighter (feat. Jeff Sontag & I Am Lightyear) [Radio Edit]","8",9
"1192","Unspoken","Start A Fire","8",9
"1193","Van McCoy","The Hustle - Original Mix","4",9
"1194","Whitney Houston","Didn't We Almost Have It All","7",9
"1195","Alvin & The Chipmunks","The Chipmunk Song (Christmas Don't Be Late)","6",8
"1196","Aretha Franklin","Amazing Grace","1",8
"1197","Auli'i Cravalho","How Far I'll Go","7",8
"1198","Bastille","Pompeii","2",8
"1199","Bobby Helms","Jingle Bell Rock","2",8
"1200","Britney Spears","I Wanna Go","2",8
"1201","Cady Groves","We're The Sh!t","6",8
"1202","Carrie Underwood","Before He Cheats","3",8
"1203","Carrie Underwood","Some Hearts","8",8
"1204","Celine Dion","The Power of Love","1",8
"1205","Cher Lloyd","Human","5",8
"1206","Christina Aguilera","Change","7",8
"1207","Christina Aguilera","Dirrty","5",8
"1208","Christina Aguilera","Have Yourself a Merry Little Christmas","7",8
"1209","Christina Aguilera","Keeps Gettin' Better","6",8
"1210","Clay Aiken","Invisible","6",8
"1211","DJ Cassidy","Calling All Hearts","2",8
"1212","Ellie Goulding","Guns and Horses","6",8
"1213","Elmo & Patsy","Grandma Got Run Over By A Reindeer","2",8
"1214","Elvis Presley","Blue Christmas","7",8
"1215","Elvis Presley","Can't Help Falling in Love","7",8
"1216","Fergie","A Little Party Never Killed Nobody (All We Got)","2",8
"1217","G.R.L.","Ugly Heart","6",8
"1218","Gwen Stefani","The Sweet Escape","2",8
"1219","Heart","What About Love?","3",8
"1220","John Denver","Twelve Days Of Christmas","7",8
"1221","John Lennon","Happy Xmas (War Is Over) - 2010 Digital Remaster","6",8
"1222","Kari Jobe","Let Your Glory Fall - Radio Version","8",8
"1223","Karmin","Hate to Love You","2",8
"1224","Ke$ha","TiK ToK","2",8
"1225","Kelly Clarkson","Can I Have a Kiss","2",8
"1226","Kelly Clarkson","If No One Will Listen","8",8
"1227","Kiiara","Gold","5",8
"1228","Krewella","We Go Down","3",8
"1229","Lady Gaga","Electric Chapel","2",8
"1230","Miley Cyrus","We Can't Stop","8",8
"1231","Milkman","Somebody Find Me (feat. Kait Weston)","8",8
"1232","Newsboys","God's Not Dead (Like a Lion)","8",8
"1233","Pitbull","Give Me Everything","5",8
"1234","Pitbull","Wild Wild Love","6",8
"1235","Rihanna","Love The Way You Lie (Part II) - Pt. 2","5",8
"1236","Rihanna","Rude Boy","3",8
"1237","Shontelle","Impossible - Main","8",8
"1238","Taylor Swift","I Knew You Were Trouble.","8",8
"1239","The Cast","Auld Lang Syne","7",8
"1240","The Fray","You Found Me","3",8
"1241","Van Halen","Dreams","3",8
"1242","Alex Clare","Too Close","8",7
"1243","Ariana Grande","Piano","6",7
"1244","Audrey Assad","I Shall Not Want","7",7
"1245","Backstreet Boys","Everybody (Backstreet's Back)","2",7
"1246","Baljeet","Good King Wenceslas","2",7
"1247","Beyonce","Halo","8",7
"1248","Blondie","One Way or Another","3",7
"1249","Bon Jovi","Livin' on a Prayer","6",7
"1250","Britt Nicole","Gold - Lark Remix","8",7
"1251","Carly Rae Jepsen","Run Away With Me - Liam Keegan Remix","5",7
"1252","Carrie Underwood","Jesus Take the Wheel","7",7
"1253","Chantal Kreviazuk","In This Life","8",7
"1254","Christina Aguilera","Let There Be Love","5",7
"1255","Christina Grimmie","Can't Help Falling In Love - The Voice Performance","7",7
"1256","Colbie Caillat","Fallin' for You","2",7
"1257","David Guetta","She Wolf (Falling to Pieces) [feat. Sia]","6",7
"1258","Demi Lovato","Sexy Dirty Love","5",7
"1259","Diana Ross","I'm Coming Out","2",7
"1260","Donna Summer","Last Dance - Single Version","3",7
"1261","Ella Henderson","Pieces","8",7
"1262","Ellie Goulding","Every Time You Go","8",7
"1263","Ellie Goulding","Hearts Without Chains","3",7
"1264","Ellie Goulding","Intro (Delirium)","4",7
"1265","Ellie Goulding","Vincent","7",7
"1266","Elvis Presley","Burning Love","2",7
"1267","Ester Dean","Crazy Youngsters - From Pitch Perfect 2 Soundtrack","8",7
"1268","Fall Out Boy","Centuries","3",7
"1269","Fickle Friends","PARIS","8",7
"1270","Goo Goo Dolls","Iris","3",7
"1271","Havana Brown","We Run The Night - Edited","5",7
"1272","James Newton Howard","The Hanging Tree","7",7
"1273","Josh Groban","O Come All Ye Faithful (with The Mormon Tabernacle Choir under the direction of Craig Jessop)","7",7
"1274","Josh Groban","The First Noel - Duet With Faith Hill","7",7
"1275","Journey","Separate Ways (Worlds Apart)","3",7
"1276","Katy Perry","Hummingbird Heartbeat","2",7
"1277","Kelly Clarkson","Dance With Me - Young Bombs Remix","8",7
"1278","Kelly Clarkson","Invincible","3",7
"1279","Kelly Clarkson","Low","3",7
"1280","Kelly Clarkson","One Minute","2",7
"1281","Kristin Chenoweth","Popular - From Wicked Original Broadway Cast Recording/2003","7",7
"1282","Labrinth","Beneath Your Beautiful","8",7
"1283","Lady Gaga","Highway Unicorn (Road to Love)","6",7
"1284","Leona Lewis","I Will Be","3",7
"1285","Mariah Carey","Hero","7",7
"1286","Maroon 5","Payphone","6",7
"1287","Michelle Branch","Everywhere","8",7
"1288","No Doubt","Don't Speak","8",7
"1289","No Doubt","It's My Life","6",7
"1290","One Direction","What Makes You Beautiful","2",7
"1291","One Direction","Where Do Broken Hearts Go","2",7
"1292","OneRepublic","If I Lose Myself","8",7
"1293","Passion Pit","Moth's Wings","8",7
"1294","Rihanna","Shut Up and Drive","2",7
"1295","Rihanna","SOS","6",7
"1296","Samantha Jade","Only Just Begun","8",7
"1297","Sigala","Give Me Your Love","6",7
"1298","Smash Mouth","All Star","2",7
"1299","The Bangles","Eternal Flame","7",7
"1300","The Bangles","Manic Monday","2",7
"1301","The Outfield","Your Love","2",7
"1302","Trans-Siberian Orchestra","Christmas Canon","4",7
"1303","Whitney Houston","I Will Always Love You","7",7
"1304","AC/DC","You Shook Me All Night Long","6",6
"1305","Adele","Make You Feel My Love","7",6
"1306","Adele","Water Under the Bridge","8",6
"1307","Aretha Franklin","Bridge Over Troubled Water","7",6
"1308","Ariana Grande","Just a Little Bit of Your Heart","7",6
"1309","Avril Lavigne","17","2",6
"1310","Avril Lavigne","Here's to Never Growing Up","6",6
"1311","Avril Lavigne","Keep Holding On","3",6
"1312","Avril Lavigne","Wish You Were Here","3",6
"1313","Carly Rae Jepsen","I'll Be Your Girl","2",6
"1314","Carly Rae Jepsen","Run Away With Me - Ayokay Remix","8",6
"1315","Celine Dion","Ave Maria","7",6
"1316","Celine Dion","I Drove All Night","2",6
"1317","Charli XCX","Femmebot (feat. Dorian Electra and Mykki Blanco)","2",6
"1318","Christina Aguilera","I Turn to You","8",6
"1319","Daughtry","Feels Like Tonight","8",6
"1320","David Guetta","Turn Me On (feat. Nicki Minaj)","6",6
"1321","Demi Lovato","Heart Attack","3",6
"1322","DHT","Listen To Your Heart (Edmee's Unplugged Vocal)","7",6
"1323","Earth Wind & Fire","Boogie Wonderland","2",6
"1324","Ella Henderson","Yours","7",6
"1325","Elton John","Don't Go Breaking My Heart","2",6
"1326","Eric Hutchinson","Watching You Watch Him","8",6
"1327","Fergie","L.A.LOVE (la la)","5",6
"1328","Florence + the Machine","Dog Days Are Over","3",6
"1329","Genesis","Invisible Touch - 2007 Remastered Version","2",6
"1330","Gladys Knight & The Pips","Midnight Train to Georgia","7",6
"1331","Gryffin","Remember (with ZOHARA) - Madison Mars Remix","6",6
"1332","James Blunt","You're Beautiful","7",6
"1333","Jennifer Lopez","Waiting for Tonight","2",6
"1334","Jessica Simpson","I Think I'm in Love with You","2",6
"1335","Josh Groban","Ave Maria","7",6
"1336","Josh Groban","It Came Upon A Midnight Clear","7",6
"1337","Josh Groban","What Child Is This?","7",6
"1338","Justin Timberlake","Mirrors - Radio Edit","6",6
"1339","Karmin","Acapella","5",6
"1340","Katy Perry","Circle the Drain","2",6
"1341","Katy Perry","Love Me","3",6
"1342","Katy Perry","Peacock","2",6
"1343","Kelly Clarkson","Alone","2",6
"1344","Kelly Clarkson","Already Gone","8",6
"1345","Kelly Clarkson","Baby It's Cold Outside","2",6
"1346","Kelly Clarkson","Bad Reputation","3",6
"1347","Kelly Clarkson","Be Still","7",6
"1348","Kelly Clarkson","Don't Be a Girl About It","6",6
"1349","Kelly Clarkson","Haunted","6",6
"1350","Kelly Clarkson","Slow Dance","3",6
"1351","Kelly Clarkson","Stronger (What Doesn't Kill You) - 7th Heaven Club Mix","1",6
"1352","Los Del Rio","Macarena - Bayside Boys Remix","2",6
"1353","Macklemore & Ryan Lewis","Thrift Shop (feat. Wanz)","8",6
"1354","Madeon","The City","6",6
"1355","Major Lazer","Cold Water","8",6
"1356","Nicole Scherzinger","Don't Hold Your Breath","2",6
"1357","P!nk","Walk of Shame","2",6
"1358","Paramore","That's What You Get","2",6
"1359","Paul McCartney","Wonderful Christmastime","2",6
"1360","Phil Collins","Sussudio - 2016 Remastered","2",6
"1361","Phil Wickham","This Is Amazing Grace","8",6
"1362","Rihanna","California King Bed","3",6
"1363","Sean Kingston","Fire Burning","2",6
"1364","Sia","Elastic Heart","3",6
"1365","Spice Girls","Wannabe","2",6
"1366","The Barden Bellas","Party In The U.S.A.","7",6
"1367","The Barden Bellas","Pool Mashup: Just The Way You Are/Just A Dream","7",6
"1368","The Chainsmokers","Honest","8",6
"1369","The Fray","Break Your Plans","8",6
"1370","The J. Geils Band","Centerfold - 2006 - Remaster","6",6
"1371","Wang Chung","Everybody Have Fun Tonight","2",6
"1372","Whitney Houston","So Emotional","2",6
"1373","Zedd","Happy Now","8",6
"1374","Adele","Turning Tables","7",5
"1375","Ariana Grande","You'll Never Know","4",5
"1376","Avril Lavigne","Sippin' on Sunshine","3",5
"1377","Backstreet Boys","I Want It That Way","8",5
"1378","Bananarama","Venus","4",5
"1379","Bette Midler","Wind Beneath My Wings","7",5
"1380","Black Eyed Peas","I Gotta Feeling","6",5
"1381","Bonnie McKee","Wasted Youth","8",5
"1382","Britney Spears","Gimme More","8",5
"1383","Britt Nicole","Amazing Life","6",5
"1384","Britt Nicole","Seeing for the First Time","7",5
"1385","Bryan Adams","Heaven","3",5
"1386","Carly Rae Jepsen","Run Away With Me - Patrick Stump Remix","3",5
"1387","Carrie Underwood","Wasted","8",5
"1388","Christina Aguilera","Not Myself Tonight","6",5
"1389","Christina Grimmie","Cliche","8",5
"1390","Def Leppard","Pour Some Sugar On Me (2012)","8",5
"1391","Dua Lipa","Blow Your Mind (Mwah)","2",5
"1392","Ed Sheeran","The A Team","7",5
"1393","Ellie Goulding","Don't Say a Word","7",5
"1394","Ellie Goulding","Salt Skin","3",5
"1395","Elton John","I Guess That's Why They Call It the Blues","8",5
"1396","Fickle Friends","In My Head","7",5
"1397","Irene Cara","What a Feeling","6",5
"1398","Joan","Take Me On","7",5
"1399","Johnny Mathis","Winter Wonderland","7",5
"1400","Karmin","Gasoline","6",5
"1401","Kelly Clarkson","Beautiful Disaster","8",5
"1402","Kelly Clarkson","Before Your Love","3",5
"1403","Kelly Clarkson","I Had a Dream","3",5
"1404","Kelly Clarkson","I Want You","2",5
"1405","Kelly Clarkson","Irvine","1",5
"1406","Kelly Clarkson","Just Missed the Train","3",5
"1407","Kelly Clarkson","People Like Us","6",5
"1408","Kelly Clarkson","Respect - Original Version","2",5
"1409","Kelly Clarkson","Shake It Out - Live","6",5
"1410","Kelly Clarkson","The Sun Will Rise","3",5
"1411","Kelly Clarkson","You Love Me","2",5
"1412","Kenny G","Silent Night","4",5
"1413","Lady Gaga","Americano","6",5
"1414","Lady Gaga","Judas","6",5
"1415","loote","tomorrow tonight","8",5
"1416","Lou Bega","Mambo No. 5 (A Little Bit Of...)","5",5
"1417","Mandisa","Overcomer","2",5
"1418","Marina","I Am Not a Robot","8",5
"1419","Maroon 5","Love Somebody","8",5
"1420","Maroon 5","This Love","2",5
"1421","Melanie Amaro","Don't Fail Me Now","8",5
"1422","Passion","Worthy Of Your Name - Live","8",5
"1423","Paula Abdul","Straight Up","2",5
"1424","Phil Collins","You Can't Hurry Love - 2016 Remastered","2",5
"1425","Rachel Platten","1000 Ships","2",5
"1426","Rachel Platten","Hey Hey Hallelujah","5",5
"1427","Ray Parker Jr.","Ghostbusters - from Ghostbusters","2",5
"1428","Rihanna","Only Girl (In the World)","2",5
"1429","Shakira","Whenever Wherever","2",5
"1430","Sia","Burn the Pages","5",5
"1431","Taylor Swift","This Love","7",5
"1432","The All-American Rejects","Gives You Hell","2",5
"1433","The Calling","Wherever You Will Go","8",5
"1434","The Vamps","Somebody to You","6",5
"1435","The Veronicas","Untouched","5",5
"1436","Tim McGraw","Live Like You Were Dying","3",5
"1437","Zedd","Stache","4",5
